,theo (cpp),theo (cpp)
,7,7
,a,b
mean,0.0175687050819397,0.16832836389541625
std,0.029755485224758266,0.0224113426284598
sample,100.0,100.0
