,damso (ocaml),damso (ocaml)
,3,3
,a,b
mean,0.08102676057815551,0.06853170204162598
std,0.008430421810527925,0.006173265214764068
sample,1000.0,1000.0
