,theo (cpp),theo (cpp),theo (cpp),theo (cpp),theo (cpp),theo (cpp),theo (cpp),theo (cpp)
,1,1,2,2,3,3,4,4
,a,b,a,b,a,b,a,b
mean,0.008085278749465942,0.008277449369430543,0.007169586181640625,0.007102481126785278,0.008563576459884644,0.0080382022857666,0.007354713678359985,0.007188836574554444
std,0.0083894913081886,0.007327479173041521,0.0073205048503288276,0.007046697743685071,0.0073678221352426534,0.007034918206714208,0.011131321290430046,0.0069296853751938635
sample,1000.0,1000.0,1000.0,1000.0,1000.0,1000.0,1000.0,1000.0
