,theo (cpp),theo (cpp)
,7,7
,a,b
mean,0.09202969074249268,1.6075620889663695
std,0.08379191379085528,0.08243088716990198
sample,10.0,10.0
