,damso (ocaml),damso (ocaml),theo (cpp),julo (cpp),julo (cpp)
,1,1,1,1,1
,a,b,a,a,b
mean,0.04073638916015625,0.03625054359436035,0.007087254524230957,0.030432701110839844,0.031668233871459964
std,0.08825447036111393,0.07229032511166407,0.000974986507040151,0.07041377925837325,0.07399018700351237
sample,10.0,10.0,10.0,10.0,10.0
