,theo (cpp),theo (cpp)
,6,6
,a,b
mean,0.009484577178955077,5.103637433052063
std,0.0025405655741105627,0.10176602067929183
sample,10.0,10.0
