,damso (ocaml),damso (ocaml),theo (cpp),theo (cpp)
,5,5,5,5
,a,b,a,b
mean,0.3582665777206421,0.5126290845870972,0.02496204376220703,0.02512801647186279
std,0.0055651309861178885,0.00610932013892999,0.0006852434265557174,0.0011099378063983115
sample,100.0,100.0,100.0,100.0
