,theo (cpp),theo (cpp)
,8,8
,a,b
mean,0.007797152996063233,0.007803191900253296
std,0.007749104796876424,0.007240970445025458
sample,1000.0,1000.0
