,theo (cpp),theo (cpp)
,6,6
,a,b
mean,0.03287198543548584,5.101078629493713
std,0.07623352511378317,0.10326251947367081
sample,10.0,10.0
