,damso (ocaml),damso (ocaml),damso (ocaml),damso (ocaml),damso (ocaml),damso (ocaml)
,1,1,2,2,3,3
,a,b,a,b,a,b
mean,0.015470623970031738,0.026757264137268068,0.013753890991210938,0.014062833786010743,0.058257007598876955,0.046331262588500975
std,0.004579631555444043,0.0007837468728055482,0.0007620001597128951,0.0016893001513741566,0.0034632114500307057,0.0010233327598070964
sample,10.0,10.0,10.0,10.0,10.0,10.0
