,theo (cpp),theo (cpp),julo (cpp),julo (cpp)
,1,1,1,1
,a,b,a,b
mean,0.028610299348831178,0.029949766635894777,0.025838258504867553,0.02717185139656067
std,0.017176245016390045,0.020380092130691096,0.017250135244011384,0.008870549065021681
sample,1000.0,1000.0,1000.0,1000.0
